{
    "results": {
        "tool": {
            "name": "pytest",
            "version": "8.4.1"
        },
        "summary": {
            "tests": 2,
            "passed": 2,
            "failed": 0,
            "skipped": 0,
            "pending": 0,
            "other": 0,
            "start": 1776038674.3784957,
            "stop": 1776038674.5914834
        },
        "tests": [
            {
                "name": "test_outputs.py::test_about_file",
                "status": "passed",
                "duration": 0.003029750001587672,
                "start": 1776038674.5844786,
                "stop": 1776038674.5883183,
                "retries": 0,
                "file_path": "test_outputs.py"
            },
            {
                "name": "test_outputs.py::test_layout_file",
                "status": "passed",
                "duration": 0.0013037079970672494,
                "start": 1776038674.588717,
                "stop": 1776038674.5903695,
                "retries": 0,
                "file_path": "test_outputs.py"
            }
        ]
    }
}