{
    "results": {
        "tool": {
            "name": "pytest",
            "version": "8.4.1"
        },
        "summary": {
            "tests": 2,
            "passed": 2,
            "failed": 0,
            "skipped": 0,
            "pending": 0,
            "other": 0,
            "start": 1776039992.7243547,
            "stop": 1776039992.880453
        },
        "tests": [
            {
                "name": "test_outputs.py::test_about_file",
                "status": "passed",
                "duration": 0.0035288749986648327,
                "start": 1776039992.872705,
                "stop": 1776039992.8777547,
                "retries": 0,
                "file_path": "test_outputs.py"
            },
            {
                "name": "test_outputs.py::test_layout_file",
                "status": "passed",
                "duration": 0.0016303339980368037,
                "start": 1776039992.8780866,
                "stop": 1776039992.8799698,
                "retries": 0,
                "file_path": "test_outputs.py"
            }
        ]
    }
}